"q95","q90","Median","q10","q5","escapement"
0,0,0,0,0,0
17819.873016,13594.390436,6498.222504,3689.354771,3162.128944,500
34685.089919,26442.939472,12710.812957,7238.098654,6214.759743,1000
50627.101905,38613.627926,18635.085915,10660.23159,9161.469317,1500
65685.379708,50132.448992,24301.297712,13948.887058,11999.513381,2000
79756.461237,61096.060554,29691.720926,17124.258382,14770.308235,2500
93013.305116,71443.863875,34838.808546,20156.200305,17435.882065,3000
105517.814305,81113.103021,39724.312188,23079.321539,20001.049218,3500
117293.626873,90318.646426,44361.695083,25882.846446,22447.92974,4000
128253.14192,99201.909325,48805.51076,28548.741418,24819.635256,4500
138543.293446,107342.336135,53038.534887,31133.145168,27099.600534,5000
148549.363859,115015.241359,57063.08155,33609.371722,29281.087544,5500
157477.629257,122278.727728,60882.540279,35988.381554,31359.268078,6000
166259.039374,128851.73055,64458.501349,38252.161242,33425.157426,6500
175134.830998,135459.334487,67878.153779,40485.139404,35359.513911,7000
182522.082816,141462.868682,71090.501681,42537.041274,37221.785042,7500
189260.647732,147003.065011,74166.949634,44554.019658,38971.982367,8000
196046.281624,152046.435233,77100.792919,46523.995034,40617.981139,8500
201791.412142,156629.712537,79870.863015,48357.214002,42227.283744,9000
207562.602231,161078.52707,82391.094279,50044.913558,43790.72835,9500
212334.549376,165234.697476,84838.224619,51695.512008,45364.516879,10000
217142.415348,168795.153882,87170.007923,53200.006369,46841.665331,10500
221100.95184,172141.287575,89333.562064,54657.634748,48226.158924,11000
225271.505319,175408.151747,91295.677854,56081.807051,49539.422736,11500
228555.210618,178507.970676,93130.135825,57439.016473,50764.678475,12000
232246.874879,181399.299189,94869.630401,58658.557788,51944.53133,12500
235322.113759,183768.47697,96430.345422,59863.111929,52980.948036,13000
237590.566704,186007.765069,97869.055206,60984.272837,54031.92826,13500
240109.335707,187692.086982,99240.428565,62087.012946,54998.578055,14000
241791.528426,188975.048503,100482.631453,63100.610971,55900.377349,14500
242966.012533,190781.786507,101661.68007,63990.138145,56766.585653,15000
244409.824791,191968.613708,102683.360723,64932.528036,57572.114828,15500
245775.149711,193041.048906,103561.511328,65744.756321,58407.289541,16000
246638.81183,194146.890175,104468.824761,66486.82062,59190.610058,16500
247720.833209,194814.840226,105220.864412,67156.521775,59910.756178,17000
248109.224642,195714.09203,105925.554255,67870.957213,60536.621339,17500
247826.270531,196341.423989,106625.484781,68480.586211,61155.497678,18000
247897.552628,196858.263259,107240.400048,69058.362149,61758.555082,18500
248500.231077,197112.53995,107709.939618,69529.394824,62242.944294,19000
248447.558029,197339.367891,108080.710399,69997.023527,62696.598847,19500
248671.635506,197568.564992,108339.152038,70451.78758,63146.712947,20000
247877.591406,197330.444938,108604.076991,70802.619629,63483.912495,20500
247658.281745,196909.123442,108736.100209,71152.21206,63779.852953,21000
246715.764984,196502.403009,108858.319201,71417.682616,64047.144329,21500
246225.266307,196328.405812,108868.012973,71566.688583,64265.806069,22000
245860.039062,195830.793668,108868.213046,71677.932447,64424.245088,22500
244832.183434,194975.987776,108840.703667,71819.216901,64645.487844,23000
243523.826878,194415.569585,108730.219688,72013.0655,64862.217228,23500
242113.901443,193827.336981,108514.221901,72140.748891,64855.658557,24000
241064.793158,193203.250999,108327.90914,72153.515029,64896.240927,24500
239279.604423,192319.226558,108029.696263,72126.332866,65004.451966,25000
238352.308434,191240.254807,107741.215688,72073.779483,65043.304073,25500
237064.969727,190120.90328,107493.498822,71972.83947,65061.285677,26000
235959.262431,189047.778534,107041.955295,71925.828408,65106.436153,26500
235107.556775,187936.910847,106666.645773,71773.959858,65036.960912,27000
233638.751729,187015.186177,106289.506515,71664.834029,64882.081141,27500
232059.56287,185733.458386,105804.028149,71460.962702,64734.463507,28000
230151.7684,184738.612758,105231.12296,71132.685141,64518.424734,28500
228274.883197,183486.306577,104762.304351,70891.591806,64360.49972,29000
226307.7897,182263.578463,104179.194648,70686.388347,64183.426382,29500
224556.677686,181043.69518,103534.98401,70393.44468,63890.383768,30000
222638.639939,179706.415204,102944.896396,70069.514517,63624.516641,30500
221249.297901,178163.379842,102286.177253,69683.115387,63412.964398,31000
219651.191746,176702.993008,101505.841436,69393.642987,63202.147162,31500
217236.011743,175334.068891,100855.272483,69038.745463,62951.755281,32000
215260.325893,173611.201274,100092.732463,68681.166598,62636.741752,32500
212941.11447,171984.391478,99376.069684,68316.26816,62223.925889,33000
211085.881514,170371.853147,98631.416556,67896.665518,61904.514272,33500
209018.749048,168737.863875,97846.671387,67497.932196,61511.012373,34000
207202.613987,167231.943458,97084.851768,67042.386716,61109.225657,34500
205466.270704,165713.535843,96278.234194,66563.272347,60777.828307,35000
203814.793974,164250.688925,95543.397429,66002.016953,60373.13356,35500
201566.943649,162577.058874,94806.944354,65487.750399,59878.240649,36000
199871.159834,161385.127362,94027.25984,64948.632281,59461.559085,36500
198348.36909,159741.634849,93131.01304,64421.256511,59025.810257,37000
196628.802663,158077.082709,92333.645248,63829.612432,58640.913482,37500
194783.08649,156529.569859,91493.194291,63253.412283,58145.429002,38000
192977.795818,154974.648888,90630.646674,62747.384987,57591.502554,38500
191039.700968,153447.460979,89709.605244,62078.066265,57138.324285,39000
189436.930332,151710.287157,88861.014635,61537.642705,56615.656646,39500
187680.992937,150141.800205,88040.539525,60945.000129,56045.061857,40000
185785.790796,148469.741796,87131.052468,60361.770667,55526.495955,40500
183843.070091,146933.997761,86201.479428,59744.383383,54915.074796,41000
181750.810463,145455.54759,85315.696262,59199.3585,54318.647972,41500
179605.453673,143759.797518,84472.343435,58542.997729,53779.628104,42000
177040.872804,142044.749604,83455.252478,57866.573713,53153.537862,42500
175212.34213,140926.214985,82598.443601,57213.903088,52556.489584,43000
173228.064772,139618.703125,81701.276622,56581.149276,51946.546384,43500
171069.765545,138065.701457,80824.677429,55956.832983,51288.360187,44000
169206.294868,136692.542124,79933.340528,55380.617014,50754.291333,44500
167466.104211,135136.626199,79074.375235,54746.874668,50144.020509,45000
165647.206766,133800.086493,78161.082428,54128.088621,49574.222396,45500
164161.002282,132297.693077,77240.339745,53472.76578,48987.016321,46000
162591.315642,130762.904692,76367.538372,52807.811217,48388.441019,46500
161067.782218,129222.249757,75481.410131,52145.647545,47716.927359,47000
159223.314694,127671.189548,74621.490148,51453.13809,47095.757454,47500
157826.306567,126130.025353,73731.852775,50839.171521,46424.397419,48000
156192.968494,124620.379741,72875.111385,50222.371607,45861.433146,48500
154437.683588,123428.153715,71987.049362,49541.445971,45255.493054,49000
152609.373097,121941.542429,71092.135727,48857.729636,44625.521961,49500
151104.822944,120606.028062,70253.575565,48170.369341,43996.950973,50000
149248.430109,119256.984886,69406.972414,47539.080923,43350.105303,50500
147376.237762,117715.256528,68595.444011,46911.164567,42782.900172,51000
145444.347657,116478.830389,67803.34332,46232.592029,42133.307268,51500
143618.62014,115135.440929,66890.151241,45568.768904,41539.141564,52000
141801.596117,113669.291095,66083.647179,44893.509987,40956.085686,52500
140378.864716,112213.993089,65201.595929,44263.116242,40327.142938,53000
138958.983159,110856.707992,64370.943056,43625.653488,39697.192196,53500
137671.732524,109599.485445,63523.605762,43005.090172,39106.872108,54000
136283.951542,108450.888065,62722.831371,42340.903449,38504.743215,54500
134519.748051,107113.267394,61853.529835,41656.220219,37859.119697,55000
132477.795304,105819.434944,61003.263725,41029.800236,37249.783697,55500
130826.344555,104707.037416,60168.418122,40399.339485,36688.010843,56000
129320.602797,103399.087912,59386.872538,39735.850164,36084.474708,56500
127751.763332,102198.771009,58552.065201,39098.234266,35489.418109,57000
126474.704336,100934.118251,57768.018227,38469.630039,34901.233034,57500
125127.770687,99916.842852,56908.075847,37847.920007,34351.493171,58000
123970.614133,98788.417284,56094.538549,37251.076688,33789.805736,58500
122764.686839,97624.337516,55318.906009,36675.649189,33195.194467,59000
121782.539615,96516.534352,54557.572014,36083.251616,32610.445661,59500
120753.52618,95207.956367,53799.822324,35501.615871,32046.290565,60000
119376.700559,94132.904711,53054.763177,34953.222834,31530.843545,60500
118020.157084,93008.899197,52294.972439,34343.969795,30939.287286,61000
116662.771127,91888.655122,51503.926585,33767.032469,30448.145477,61500
115621.485765,90749.86095,50768.925051,33213.337889,29884.149155,62000
114485.155364,89695.673008,50001.439364,32650.00444,29384.693359,62500
113129.541515,88581.018646,49286.525203,32099.448126,28840.371185,63000
112071.200348,87416.920357,48522.188978,31579.572856,28345.435165,63500
111072.122744,86496.474501,47834.605028,31045.359154,27829.037443,64000
109738.617299,85551.999947,47141.719324,30470.209735,27272.937984,64500
108683.954154,84688.133063,46454.121427,29879.01668,26749.272067,65000
107501.419373,83677.272538,45775.175199,29380.707267,26255.764012,65500
106140.301583,82679.832592,45103.506778,28865.551143,25769.228877,66000
105017.734768,81676.930627,44444.531843,28332.064944,25270.85889,66500
103859.547199,80655.255465,43791.510547,27832.342765,24782.483215,67000
102747.971121,79676.700646,43129.072133,27306.309459,24303.807289,67500
101571.672066,78756.74921,42476.280897,26834.870895,23801.347567,68000
100097.090325,77813.145873,41842.285199,26322.880453,23365.338077,68500
98816.031959,76761.369946,41221.311661,25844.889765,22898.759908,69000
97688.072644,75855.537963,40602.294927,25379.685168,22416.896761,69500
96527.13608,74932.211107,39981.761766,24899.876689,21989.604839,70000
94939.489965,74089.3137,39396.115999,24429.904486,21538.87735,70500
93773.109245,73125.63157,38803.218453,23965.312084,21116.04059,71000
92795.680413,72317.693766,38195.990692,23534.619872,20683.193171,71500
91794.239967,71349.369863,37606.402415,23087.406437,20267.523727,72000
90541.918858,70401.742593,37005.746958,22629.51735,19886.477745,72500
89561.024469,69614.891766,36429.829146,22226.302478,19502.598742,73000
88538.481888,68761.201326,35860.543779,21818.377998,19104.636019,73500
87489.949157,67903.860074,35276.913282,21396.011243,18747.485658,74000
86263.847196,67154.035244,34736.706239,20975.458214,18367.176791,74500
85312.886936,66379.595147,34181.626395,20550.426975,17997.755922,75000
84335.302013,65640.311799,33604.994389,20151.82319,17640.930698,75500
83283.540949,64864.16433,33075.366225,19739.434462,17288.098645,76000
82298.569655,64049.409797,32573.456812,19363.02875,16933.379734,76500
81611.759387,63260.539464,32052.038729,18972.226657,16594.725794,77000
80932.642984,62379.271705,31573.619202,18579.214887,16261.857852,77500
79998.577169,61676.739951,31081.101609,18203.340596,15919.873744,78000
79160.164406,60937.910534,30612.431483,17849.883821,15585.426171,78500
78368.012732,60075.766023,30131.614745,17500.66283,15267.890767,79000
77595.012472,59306.076183,29636.085776,17150.355085,14944.225979,79500
76629.133107,58612.924593,29180.420216,16799.57642,14618.825402,80000
75919.719828,57917.49131,28722.828198,16477.078862,14305.392354,80500
75190.435865,57239.372883,28271.764545,16157.96433,13998.643858,81000
74289.242324,56612.450785,27812.060332,15826.435016,13690.494965,81500
73502.989492,55889.55486,27372.846405,15512.982151,13389.321147,82000
72873.914314,55056.815242,26918.546788,15206.957328,13113.786486,82500
72041.897159,54455.814781,26458.343053,14902.032163,12832.469912,83000
71272.62653,53726.520745,26039.791921,14594.67863,12558.107523,83500
70483.773028,53072.978695,25625.710361,14300.050626,12290.786275,84000
69562.562086,52458.756559,25221.230674,14020.460445,12027.155227,84500
68727.644513,51762.366978,24803.900292,13722.007788,11764.165337,85000
67996.064251,51089.902002,24384.29207,13440.3635,11513.932513,85500
67160.079684,50457.970304,23994.111679,13157.173642,11265.055817,86000
66476.97502,49849.55168,23599.167951,12903.642538,11018.883152,86500
65797.404238,49269.152242,23210.760998,12620.551463,10784.145127,87000
64984.276283,48658.141372,22835.795125,12348.945965,10539.902937,87500
64173.299041,48104.280331,22462.10042,12096.020587,10303.055461,88000
63374.034281,47536.974419,22051.502305,11850.143712,10069.65207,88500
62614.805461,46948.66186,21702.733981,11598.959039,9829.889885,89000
62039.247967,46377.743307,21343.115657,11351.396157,9607.521271,89500
61245.529902,45839.992065,20986.930906,11112.05552,9387.89685,90000
60456.770387,45270.651592,20633.897566,10889.949911,9180.237081,90500
59826.605114,44679.23032,20280.634302,10649.46153,8958.82378,91000
59160.934919,44142.0721,19941.779497,10415.21588,8753.206373,91500
58532.614276,43614.62762,19608.270353,10194.571122,8552.497487,92000
57880.281178,43078.726446,19273.923839,9969.277109,8353.395889,92500
57189.856265,42481.463639,18946.521513,9749.451774,8155.733473,93000
56481.809383,41971.446235,18618.365289,9544.717584,7962.286117,93500
55680.064729,41455.455001,18308.77347,9325.190646,7775.141271,94000
55015.353049,40928.574738,18007.499175,9121.663523,7591.258227,94500
54344.041901,40420.557315,17707.236174,8938.804142,7423.9821,95000
53670.137578,39902.539286,17409.994904,8748.802762,7249.974698,95500
53109.551892,39419.973958,17119.528851,8557.719619,7078.852913,96000
52559.606305,38944.428434,16844.667903,8377.362898,6914.022808,96500
51953.355302,38446.089261,16556.872299,8196.935655,6749.244248,97000
51407.655161,37942.097659,16257.632834,8019.038046,6585.303507,97500
50731.531146,37514.304623,15973.509078,7847.24042,6437.644849,98000
50098.7136,37079.630386,15696.724478,7674.636191,6292.900035,98500
49577.703743,36656.784497,15427.952111,7501.541554,6136.880486,99000
49017.249638,36209.921111,15165.701726,7333.369495,5997.071378,99500
48474.281207,35748.886332,14904.573574,7166.560709,5852.39208,100000
47857.144951,35320.837519,14655.73822,7019.68863,5714.004728,100500
47261.265233,34823.372016,14402.71604,6862.617236,5570.072069,101000
46731.587837,34365.747339,14157.710996,6719.805207,5429.311181,101500
46315.19181,33907.889039,13906.191935,6574.21469,5295.50582,102000
45798.126208,33508.661901,13661.423899,6428.199134,5176.399932,102500
45244.303768,33092.521353,13406.485776,6287.50415,5050.755059,103000
44719.611233,32657.298049,13163.217259,6140.281132,4935.546893,103500
44225.640777,32223.438599,12919.551445,6005.512624,4822.44721,104000
43720.689746,31823.086505,12696.938357,5871.085904,4709.413423,104500
43185.55878,31381.06319,12468.180285,5739.738412,4596.199824,105000
42647.680496,30956.479187,12240.138736,5612.211531,4489.380591,105500
42053.785926,30537.487782,12026.162907,5486.94221,4378.933294,106000
41645.74645,30156.084623,11811.421925,5365.783228,4278.740245,106500
41003.218301,29792.795415,11601.797915,5247.659133,4179.016728,107000
40534.233302,29405.257566,11402.806309,5126.826635,4082.734408,107500
40104.748925,29049.662856,11206.137173,5008.594956,3990.802822,108000
39673.348238,28640.415454,11016.408469,4895.374389,3891.792345,108500
39245.754678,28290.659884,10811.874566,4786.568213,3798.222428,109000
38820.846804,27894.758837,10629.409182,4681.307185,3705.685482,109500
38321.906183,27510.317754,10442.874785,4576.860678,3614.854598,110000
37903.662191,27092.414675,10259.868512,4472.451623,3526.524395,110500
37434.500413,26748.50764,10074.887788,4370.643835,3444.299693,111000
37019.617178,26401.878589,9896.775187,4272.42955,3362.187173,111500
36600.274995,26058.912272,9716.535073,4170.320878,3280.714745,112000
36185.295823,25730.595312,9546.424235,4076.035763,3202.581998,112500
35832.221177,25408.777791,9379.001223,3987.915839,3126.06379,113000
35487.753273,25078.600931,9209.992382,3898.158197,3048.304291,113500
35087.164278,24767.00686,9040.389465,3810.70795,2977.051859,114000
34697.205549,24456.99534,8877.110437,3724.126433,2902.459928,114500
34282.183223,24131.931768,8717.559506,3635.878157,2831.759637,115000
33928.534823,23828.86185,8566.435149,3551.509498,2764.938091,115500
33569.423578,23544.672338,8418.22182,3469.804867,2696.558154,116000
33229.212136,23212.653162,8266.127803,3389.396381,2635.5634,116500
32799.325248,22930.405339,8118.377023,3308.81091,2571.593732,117000
32439.901152,22636.875356,7971.594398,3231.704779,2506.395258,117500
32054.589415,22329.363831,7833.974342,3155.923533,2446.44226,118000
31683.205098,22045.319193,7692.095398,3084.545938,2386.653755,118500
31302.191474,21766.601982,7554.055022,3012.536924,2329.424413,119000
30941.465007,21490.673446,7414.382922,2943.407567,2271.803223,119500
30510.87,21190.303581,7277.767993,2876.201963,2215.556363,120000
30149.745888,20911.678148,7143.040525,2810.655829,2162.614149,120500
29852.584738,20621.787881,7012.655965,2749.703738,2107.148912,121000
29584.714377,20365.918746,6889.363387,2685.910315,2055.784865,121500
29240.646348,20105.325592,6766.251209,2620.3952,2003.188503,122000
28911.843326,19808.62149,6642.91978,2558.195878,1953.18985,122500
28559.293486,19571.819687,6523.296647,2497.959011,1905.996629,123000
28260.822312,19342.916109,6402.84753,2439.965069,1858.568918,123500
27926.008191,19086.171188,6285.02623,2381.334472,1807.908832,124000
27632.78394,18800.371009,6172.396271,2326.105223,1764.205039,124500
27311.694964,18548.409792,6055.629888,2271.492492,1722.506433,125000
27013.570674,18312.920244,5939.810064,2217.494694,1679.579147,125500
26734.152709,18075.094595,5829.633212,2166.369082,1638.986702,126000
26424.621125,17829.081092,5717.881935,2115.407078,1599.329423,126500
26166.429309,17584.165981,5611.493481,2063.30499,1561.366145,127000
25855.655152,17340.996835,5511.755774,2011.974152,1522.682873,127500
25530.523918,17131.671012,5412.339977,1966.223991,1485.053407,128000
25205.444238,16891.227047,5308.428914,1919.919224,1447.250051,128500
24857.92146,16655.358992,5209.805277,1874.911327,1409.934793,129000
24555.400755,16412.379205,5115.557841,1830.20538,1374.966258,129500
24216.310597,16181.658661,5020.680222,1787.459387,1340.171849,130000
23912.800202,15955.679125,4927.601623,1743.481515,1306.077353,130500
23625.777997,15750.867063,4840.298505,1702.153229,1272.460374,131000
23324.640534,15515.525236,4750.660099,1661.971034,1240.588453,131500
23065.740756,15306.613563,4661.651346,1623.800285,1209.811951,132000
22776.961359,15097.636616,4570.791181,1586.23908,1179.273859,132500
22557.256842,14886.925511,4486.263957,1548.705871,1150.023439,133000
22310.160441,14691.533716,4404.094708,1512.368266,1122.397512,133500
21997.976991,14502.849813,4319.24359,1477.213844,1094.608195,134000
21717.351998,14312.228341,4236.290162,1443.670994,1067.349218,134500
21481.993389,14117.103731,4157.886695,1408.626547,1039.618644,135000
21218.121073,13934.594405,4083.484236,1374.346509,1011.681722,135500
20969.935537,13746.361702,4004.354924,1341.767397,986.07446,136000
20695.920272,13551.431031,3932.866236,1310.121607,961.695413,136500
20428.033587,13350.089025,3859.808822,1279.283932,936.611113,137000
20163.307882,13156.187118,3786.665746,1249.515797,909.980103,137500
19959.998329,12984.046542,3715.946023,1221.197885,886.847708,138000
19762.177569,12815.836524,3646.579963,1191.825752,865.121995,138500
19502.273644,12645.453999,3577.508457,1163.303313,843.933125,139000
19296.493812,12472.44051,3510.483834,1134.997478,822.598765,139500
19092.702653,12318.367868,3446.122789,1108.416534,801.696311,140000
18890.842682,12139.318171,3379.411492,1081.42775,781.812138,140500
18661.262739,11957.569093,3316.116766,1054.874895,760.88642,141000
18433.196635,11788.48402,3252.7455,1029.804241,741.546907,141500
18228.238258,11624.95177,3193.194534,1005.265868,722.883677,142000
18032.88498,11473.546558,3133.961548,981.750284,703.974217,142500
17825.183253,11321.166283,3071.704666,958.387578,687.060781,143000
17590.427923,11159.458728,3015.147253,935.873069,669.517318,143500
17421.094119,11018.097647,2959.267196,913.914896,651.408205,144000
17247.971949,10887.722438,2904.507549,891.530741,634.412595,144500
17043.047584,10728.804731,2850.679263,869.280352,618.572716,145000
16822.334089,10588.520979,2798.702491,847.652112,603.196765,145500
16604.283382,10440.064669,2746.548952,827.186808,588.298977,146000
16388.817898,10298.78441,2694.152238,807.305165,572.91756,146500
16174.74357,10151.064436,2644.601959,788.473941,558.481376,147000
15983.353215,10012.960557,2594.84465,770.00082,544.061525,147500
15773.32063,9879.093117,2545.204481,751.288601,529.266421,148000
15584.77568,9749.050767,2498.849478,732.171088,514.930411,148500
15440.47959,9608.719734,2451.607954,715.307994,501.972663,149000
15246.162114,9466.928231,2405.303744,698.516602,488.658344,149500
15080.279276,9336.1102,2359.366232,682.013205,476.422399,150000
14898.241927,9214.005461,2314.230459,665.329738,464.764167,150500
14733.974001,9091.693369,2271.518899,648.804523,452.960449,151000
14577.169236,8967.374345,2226.8957,632.884057,441.459822,151500
14412.062125,8841.062485,2183.794359,617.981916,430.140274,152000
14253.051158,8725.128669,2140.706357,602.750032,417.768693,152500
14071.906809,8610.998409,2100.077391,588.593231,406.888709,153000
13903.844664,8491.967904,2059.284791,574.489966,395.813438,153500
13722.257151,8373.34514,2018.46444,560.114004,385.514512,154000
13549.439512,8261.285762,1980.642381,546.427994,376.148861,154500
13409.236226,8150.341299,1942.940514,533.484967,367.128778,155000
13234.20719,8035.237073,1905.484657,520.628082,357.233148,155500
13072.08903,7916.834805,1868.843869,507.989949,347.887439,156000
12913.020263,7813.725731,1833.720635,495.402306,338.588793,156500
12748.54741,7711.404653,1798.154209,483.201563,329.025096,157000
12557.843466,7608.177363,1764.249812,471.291042,320.111715,157500
12412.831281,7502.052283,1731.16422,459.900258,312.009227,158000
12276.646106,7397.695655,1698.758779,449.16485,303.922951,158500
12135.157084,7296.904754,1667.131119,438.330012,296.235384,159000
11960.935655,7192.239196,1635.164208,427.287369,288.657237,159500
11820.834962,7091.912886,1604.183734,417.184743,281.009116,160000
11679.788513,6993.781475,1573.793174,407.464317,273.847189,160500
11544.186533,6895.341467,1543.311814,397.465817,266.562156,161000
11419.382626,6804.337434,1513.123063,387.785716,259.535236,161500
11294.74364,6702.485745,1484.428596,378.523449,253.183547,162000
11153.665264,6604.363691,1455.260372,369.619062,246.984952,162500
11024.872092,6517.398746,1427.046114,360.455147,240.666432,163000
10889.983516,6426.871508,1399.330435,351.73869,234.239432,163500
10755.308002,6335.686117,1373.084793,343.389436,227.934936,164000
10625.443037,6239.776243,1346.293015,335.077609,221.71604,164500
10492.530342,6153.860408,1319.701598,326.506688,215.897738,165000
10361.663599,6067.478401,1294.054275,318.176613,209.865185,165500
10222.826102,5988.712759,1268.691725,310.129764,204.130614,166000
10101.996637,5908.075622,1244.842677,302.337708,198.67716,166500
9960.705856,5821.503272,1221.421806,294.654702,193.495084,167000
9858.425386,5731.324905,1197.85353,287.438201,188.514196,167500
9737.158962,5657.248461,1173.893793,280.313482,183.53788,168000
9622.269188,5571.319997,1151.050579,273.018863,178.616438,168500
9511.275788,5494.520525,1128.432605,266.049933,173.88086,169000
9395.400959,5413.374484,1106.820047,259.34288,169.218619,169500
9287.44702,5340.71237,1086.040114,252.97012,164.588848,170000
9185.45574,5266.058126,1064.323149,246.608278,160.430932,170500
9076.674123,5196.421634,1043.672461,240.4708,156.262033,171000
8967.268929,5122.850105,1023.231399,234.732942,152.08266,171500
8853.014958,5049.558314,1003.177305,229.196957,148.024794,172000
8739.213375,4980.468566,984.118841,223.590432,144.073996,172500
8646.534081,4908.846504,965.114675,218.12813,140.402917,173000
8545.023078,4838.999158,946.734851,212.658003,136.833695,173500
8434.365626,4770.552234,928.328223,207.500037,133.266627,174000
8309.52932,4703.325597,910.14312,202.457207,129.462891,174500
8206.890876,4636.39462,891.968765,197.468471,125.775885,175000
8105.261573,4571.472668,874.872979,192.475417,122.392947,175500
8008.111525,4508.832499,857.498639,187.522865,119.12198,176000
7927.236621,4446.238988,840.828572,182.692206,115.969535,176500
7828.52028,4382.918145,823.304985,177.876552,113.016114,177000
7740.208801,4319.993642,807.082451,173.265285,109.936201,177500
7652.730928,4258.820474,791.459789,168.981169,106.93365,178000
7566.044901,4196.756623,775.821503,164.76021,104.042197,178500
7480.282238,4132.184861,760.414045,160.541261,101.236524,179000
7391.69096,4072.946187,745.973248,156.42725,98.466075,179500
7288.107048,4016.57346,731.490361,152.527099,95.86726,180000
7215.17642,3959.187257,717.289347,148.809714,93.242189,180500
7135.316041,3902.568919,703.150344,144.977837,90.729696,181000
7049.77543,3847.140278,689.070486,141.279138,88.293128,181500
6948.38807,3793.121036,675.776856,137.676539,85.988222,182000
6878.870262,3743.712081,662.530569,134.144112,83.8283,182500
6800.588553,3692.874106,649.058835,130.794749,81.587797,183000
6718.992836,3636.567323,636.170348,127.537153,79.382206,183500
6633.944386,3584.533803,623.510929,124.414319,77.297168,184000
6558.903152,3531.778322,611.465303,121.237105,75.266841,184500
6481.475755,3480.479611,599.423171,118.20722,73.182737,185000
6397.630796,3428.859538,587.957109,115.248555,71.13168,185500
6324.991398,3376.31778,576.851583,112.328676,69.225236,186000
6250.086988,3325.088591,565.472329,109.554785,67.435188,186500
6176.18562,3277.095664,553.84574,106.82928,65.59427,187000
6082.111488,3229.924608,542.963794,104.14309,63.80741,187500
5991.089235,3183.227753,532.15752,101.556915,62.177044,188000
5921.755175,3135.996945,521.344182,98.988731,60.600656,188500
5853.182393,3090.325786,510.502953,96.506636,58.993033,189000
5785.363246,3046.541482,500.370312,94.077837,57.458534,189500
5718.290155,3005.837417,490.455932,91.709525,55.931101,190000
5651.955605,2965.087091,480.747061,89.400215,54.41858,190500
5586.352142,2922.089156,471.685098,87.190525,52.948684,191000
5521.472377,2878.88068,462.41739,85.007801,51.51814,191500
5457.308983,2837.644628,453.27737,82.974727,50.135584,192000
5393.480284,2798.100588,444.403395,80.982674,48.78023,192500
5314.154818,2759.205693,435.27436,78.990188,47.44898,193000
5233.339216,2717.981006,426.790417,77.012558,46.163347,193500
5166.974457,2679.244937,418.226261,75.031027,44.930186,194000
5106.740213,2641.143928,409.817497,73.20738,43.707908,194500
5047.005532,2603.735099,401.595158,71.376551,42.518975,195000
4987.936893,2566.889907,393.531242,69.591053,41.401167,195500
4929.451683,2530.875794,385.572639,67.836021,40.312612,196000
4871.260599,2492.991227,378.046741,66.135036,39.202359,196500
4813.726653,2453.480073,370.48905,64.408781,38.11299,197000
4750.759004,2418.941987,363.161782,62.741658,37.097756,197500
4686.719587,2383.032683,356.111096,61.16871,36.108223,198000
4637.5352,2347.887044,349.000908,59.634816,35.095783,198500
4574.359864,2313.993668,342.325812,58.139019,34.11293,199000
4519.336758,2280.440105,335.487271,56.69185,33.202793,199500
4464.827613,2246.848158,328.856187,55.282081,32.318748,200000
4416.815686,2213.022936,322.255781,53.907033,31.43611,200500
4360.506382,2182.242053,315.867394,52.515734,30.596257,201000
4305.678154,2152.024415,309.620214,51.190585,29.806482,201500
4253.057551,2121.872204,303.37917,49.874486,29.014273,202000
4196.900599,2091.310225,297.435707,48.596599,28.252734,202500
4139.527527,2058.459627,291.751865,47.331055,27.523225,203000
4086.259481,2026.669259,285.89497,46.098368,26.812425,203500
4036.734217,1996.8843,280.167977,44.945073,26.050294,204000
3986.772873,1969.085204,274.524356,43.814362,25.335715,204500
3940.214607,1941.864933,269.183099,42.741653,24.608454,205000
3885.886987,1914.868738,263.895034,41.699855,23.962163,205500
3829.365115,1884.481287,258.731318,40.684758,23.342905,206000
3781.468185,1856.333101,253.423859,39.601629,22.747389,206500
3738.71165,1829.341375,248.484662,38.572622,22.144811,207000
3696.417407,1802.069524,243.442105,37.620458,21.554271,207500
3654.580809,1773.810355,238.790845,36.691743,20.969354,208000
3613.027466,1747.249765,234.269202,35.785747,20.372036,208500
3569.115176,1718.908272,229.67496,34.901921,19.831655,209000
3528.862837,1694.389914,225.087283,34.03157,19.29224,209500
3482.508775,1670.211801,220.593624,33.179931,18.794507,210000
3434.906746,1646.369393,216.259987,32.356525,18.281364,210500
3389.311978,1622.858211,211.759444,31.553681,17.809524,211000
3344.60581,1598.208237,207.553297,30.764439,17.336424,211500
3301.807825,1576.728491,203.392188,30.011362,16.87727,212000
3255.921127,1553.560305,199.383106,29.253009,16.384346,212500
3210.104884,1528.644581,195.358924,28.494562,15.948647,213000
3171.451892,1505.494463,191.644576,27.763917,15.485871,213500
3130.035537,1482.137001,187.907861,27.081048,15.067012,214000
3091.131948,1459.531594,184.094641,26.397537,14.651417,214500
3055.811098,1438.568934,180.307753,25.715921,14.257383,215000
3014.593474,1416.50131,176.674775,25.055113,13.875889,215500
2977.013835,1396.56285,173.217392,24.411753,13.503801,216000
2939.496939,1374.734222,169.692968,23.81003,13.143145,216500
2903.678125,1355.60065,166.257339,23.222363,12.795432,217000
2871.354748,1336.47485,162.989075,22.633257,12.454663,217500
2835.616022,1316.084547,159.827482,22.054139,12.114662,218000
2801.573831,1298.533596,156.708784,21.474409,11.790761,218500
2765.86526,1279.985968,153.596296,20.922961,11.477504,219000
2730.597721,1262.892021,150.535036,20.389403,11.166471,219500
2695.766018,1243.727584,147.533635,19.867906,10.867087,220000
2661.365009,1224.12623,144.577991,19.347958,10.575527,220500
2627.38961,1204.827736,141.678287,18.827714,10.294485,221000
2593.612447,1186.920604,138.909079,18.362174,10.016348,221500
2560.938023,1170.556526,136.188792,17.911542,9.745235,222000
2528.742485,1151.876536,133.466332,17.474226,9.480473,222500
2497.45155,1135.517796,130.787379,17.03203,9.222858,223000
2465.62885,1119.586614,128.147863,16.598139,8.975402,223500
2431.649478,1103.550161,125.52521,16.148619,8.738782,224000
2400.442892,1086.796066,123.037992,15.724107,8.49582,224500
2368.863838,1069.766321,120.59456,15.331008,8.271133,225000
2338.321274,1052.728326,118.204054,14.93803,8.038457,225500
2306.583396,1036.319887,115.879618,14.544248,7.817299,226000
2274.736606,1020.407619,113.607947,14.165686,7.604293,226500
2243.300412,1005.261847,111.369297,13.821635,7.397866,227000
2212.02308,990.96012,109.100688,13.474657,7.196213,227500
2180.136676,976.480766,106.793477,13.148967,7.000137,228000
2150.997581,962.8269,104.630315,12.823259,6.806169,228500
2121.238711,949.517,102.577316,12.492064,6.624055,229000
2091.881663,936.447141,100.565288,12.170674,6.443647,229500
2065.329984,922.923547,98.581512,11.850889,6.268124,230000
2034.218107,910.006044,96.634244,11.542129,6.094482,230500
2006.934692,897.192898,94.74951,11.234833,5.921759,231000
1984.111536,883.469535,92.843806,10.946156,5.753904,231500
1954.394341,870.366554,90.933584,10.659807,5.595121,232000
1929.587457,858.087884,89.065301,10.381654,5.441568,232500
1905.086991,845.242263,87.283539,10.110713,5.29292,233000
1879.53953,832.205665,85.528289,9.849142,5.15621,233500
1857.325719,819.416345,83.794402,9.592244,5.017033,234000
1834.017053,808.696492,82.063532,9.353158,4.876889,234500
1810.931401,798.080861,80.414341,9.113872,4.740638,235000
1788.036856,786.378622,78.768741,8.87674,4.608172,235500
1765.423811,773.513711,77.156469,8.647585,4.47973,236000
1743.088939,761.444485,75.571616,8.424855,4.355975,236500
1720.998999,750.391599,74.021742,8.203658,4.232637,237000
1695.440313,739.473198,72.51302,7.985743,4.114757,237500
1673.867572,728.033681,71.018169,7.772956,3.998543,238000
1653.899741,716.70045,69.55566,7.581509,3.886489,238500
1633.892068,705.145317,68.146306,7.396489,3.778033,239000
1612.549087,694.40408,66.751975,7.209797,3.677928,239500
1591.552912,683.319293,65.408531,7.026607,3.580507,240000
1570.733717,672.896169,64.067302,6.848403,3.48565,240500
1550.093236,662.561618,62.78689,6.674691,3.390903,241000
1528.599386,652.463241,61.523292,6.503114,3.297801,241500
1508.163134,642.196086,60.291086,6.33221,3.207242,242000
1489.619792,633.472939,59.030007,6.170552,3.119156,242500
1468.219235,624.220309,57.864377,6.009071,3.033477,243000
1449.532536,614.685097,56.656035,5.85213,2.950138,243500
1432.199924,604.984735,55.495189,5.697203,2.869189,244000
1413.496641,595.890423,54.374353,5.54704,2.792175,244500
1394.854467,587.523429,53.23307,5.406681,2.713933,245000
1374.993125,578.579561,52.132026,5.270291,2.639324,245500
1355.101843,570.064576,51.04953,5.137656,2.568343,246000
1335.849826,561.393179,50.026159,5.006675,2.497033,246500
1317.935313,552.652731,49.028762,4.87957,2.42684,247000
1300.255721,544.425709,48.033331,4.74789,2.359958,247500
1282.778704,536.348064,47.033523,4.620714,2.29491,248000
1265.324153,528.388122,46.053209,4.500824,2.231647,248500
1246.091736,520.544207,45.082918,4.385201,2.170118,249000
1231.009057,512.739707,44.196865,4.272171,2.110277,249500
1215.338217,505.038163,43.288659,4.162266,2.052214,250000
1200.432043,497.572337,42.405876,4.05538,1.995298,250500
1184.990884,490.287985,41.542236,3.951024,1.938841,251000
1168.124837,483.063527,40.702947,3.846097,1.887007,251500
1151.694634,476.075678,39.884442,3.747219,1.835543,252000
1135.992279,469.10354,39.053504,3.652637,1.786215,252500
1120.140684,461.921963,38.252646,3.559657,1.738205,253000
1104.947749,455.262425,37.487354,3.468036,1.691479,253500
1088.446264,448.337486,36.738183,3.376803,1.645361,254000
1074.090549,442.150759,36.001738,3.289937,1.599548,254500
1060.617428,435.566171,35.267612,3.205708,1.555004,255000
1046.566997,429.083021,34.558284,3.122875,1.511694,255500
1032.413554,422.909359,33.857891,3.042831,1.469586,256000
1018.41324,416.09954,33.170471,2.96521,1.428645,256500
1004.741474,409.706344,32.51216,2.88808,1.389482,257000
991.201171,403.280833,31.862829,2.813653,1.353118,257500
977.839672,397.012346,31.240546,2.741265,1.3157,258000
964.654683,390.932888,30.605685,2.669466,1.279042,258500
951.636374,384.945092,29.980164,2.600883,1.243401,259000
938.722309,379.047605,29.35164,2.534166,1.209463,259500
925.980098,373.58393,28.744682,2.469458,1.176759,260000
913.324172,368.526613,28.155961,2.405952,1.144997,260500
900.119637,363.335536,27.581892,2.343041,1.11413,261000
887.845361,358.053952,27.010587,2.282601,1.084424,261500
876.632027,353.166735,26.466823,2.222525,1.05479,262000
864.977002,347.837433,25.921559,2.163346,1.025815,262500
853.300704,342.380623,25.379745,2.107047,0.997495,263000
841.766975,337.222721,24.85834,2.052715,0.968726,263500
830.2903,332.359792,24.339399,1.997679,0.941533,264000
818.348868,327.170697,23.845338,1.946379,0.915119,264500
806.412922,322.138673,23.35526,1.893898,0.889534,265000
796.038541,317.309713,22.883766,1.84397,0.864693,265500
785.794859,312.570956,22.430676,1.795535,0.840544,266000
775.466367,307.882307,21.980753,1.74851,0.817315,266500
765.254255,303.400102,21.515084,1.703005,0.795283,267000
755.918997,299.09063,21.083662,1.6601,0.773859,267500
746.252307,294.680274,20.65992,1.618332,0.753047,268000
736.706718,290.234113,20.244628,1.575435,0.732793,268500
727.233085,285.83759,19.830409,1.535648,0.713081,269000
717.854084,281.448285,19.42249,1.497134,0.693897,269500
708.593627,277.449004,19.021322,1.459622,0.675227,270000
699.450255,273.25917,18.629474,1.423044,0.657057,270500
690.012862,269.224537,18.250347,1.387378,0.639535,271000
680.907136,265.399233,17.874159,1.351643,0.622106,271500
672.252504,261.504505,17.504184,1.316128,0.605279,272000
663.406209,257.271198,17.145418,1.282446,0.58898,272500
654.318597,253.141743,16.791578,1.249348,0.572741,273000
645.353341,249.660246,16.442238,1.217869,0.556792,273500
636.508832,245.963607,16.106125,1.186275,0.541331,274000
627.7804,242.222869,15.770657,1.155392,0.526838,274500
619.166935,238.538231,15.451484,1.12454,0.512254,275000
610.669656,234.997175,15.126252,1.094548,0.49789,275500
602.533484,231.498714,14.819772,1.065355,0.483927,276000
594.935747,228.122929,14.514806,1.038447,0.470354,276500
587.431897,224.782563,14.21955,1.012393,0.457161,277000
579.975808,221.220794,13.932018,0.98699,0.444336,277500
572.563302,217.706817,13.650237,0.961281,0.431869,278000
564.820376,214.498456,13.377568,0.936557,0.419751,278500
558.193631,211.192885,13.109686,0.912145,0.407972,279000
551.178943,207.937365,12.843325,0.887914,0.396521,279500
544.250688,204.756531,12.573635,0.865293,0.385391,280000
537.40783,201.642361,12.310314,0.843371,0.374573,280500
530.64828,198.609581,12.064918,0.821619,0.364056,281000
523.940156,195.617288,11.820537,0.800386,0.353875,281500
517.315202,192.673163,11.582658,0.780183,0.343978,282000
510.772413,189.781466,11.343669,0.760593,0.334357,282500
504.310798,186.930155,11.114422,0.741057,0.325004,283000
497.91423,184.117794,10.886664,0.721859,0.315919,283500
490.505405,181.340494,10.661699,0.70316,0.30718,284000
482.521239,178.600975,10.443074,0.684967,0.298737,284500
475.212256,175.893582,10.23244,0.667243,0.290142,285000
469.011494,173.240476,10.024379,0.649975,0.282017,285500
462.848764,170.362991,9.820758,0.633021,0.274147,286000
456.754819,167.803989,9.624724,0.616624,0.266632,286500
450.358726,165.324341,9.429517,0.600723,0.259329,287000
444.850817,162.835373,9.237608,0.584947,0.25209,287500
439.130185,160.3178,9.05077,0.569956,0.245198,288000
433.410034,157.845793,8.868028,0.555413,0.238142,288500
427.507694,155.491632,8.686268,0.540843,0.231397,289000
421.465017,153.020798,8.509431,0.526807,0.224882,289500
415.506539,150.663225,8.332591,0.513358,0.218555,290000
409.631108,148.439154,8.163662,0.500035,0.212405,290500
403.83481,146.275344,7.991689,0.487035,0.206427,291000
398.19644,144.142652,7.821834,0.474706,0.200615,291500
392.840674,142.040639,7.660228,0.462171,0.194954,292000
386.817147,139.968354,7.503811,0.449965,0.189476,292500
381.322437,137.888783,7.350216,0.438109,0.184016,293000
375.890506,135.815512,7.200464,0.426494,0.178766,293500
370.650316,133.827844,7.050107,0.415384,0.173686,294000
365.665597,131.834178,6.902413,0.404637,0.168827,294500
360.405159,129.869841,6.761905,0.394187,0.164205,295000
355.65634,127.92904,6.620101,0.383997,0.159614,295500
350.969095,126.016999,6.482106,0.374009,0.155114,296000
346.331518,124.125429,6.343791,0.364176,0.150745,296500
341.724492,122.319837,6.210673,0.354611,0.146308,297000
337.260503,120.56858,6.082648,0.345296,0.142099,297500
332.728504,118.84206,5.957708,0.336253,0.138176,298000
328.311389,117.139933,5.835756,0.327543,0.134357,298500
323.58808,115.461862,5.713308,0.319057,0.130612,299000
318.934305,113.802287,5.59368,0.310794,0.126981,299500
314.835608,111.955083,5.480259,0.302637,0.12341,300000
310.788724,110.087186,5.368346,0.294584,0.119925,300500
306.793011,108.451674,5.258902,0.286963,0.116548,301000
302.847836,106.79902,5.147559,0.279281,0.113368,301500
298.85372,105.147571,5.037736,0.271823,0.110247,302000
294.93538,103.559196,4.931305,0.264726,0.107228,302500
291.209673,101.91705,4.830139,0.25783,0.104298,303000
287.356544,100.403443,4.730922,0.251174,0.101348,303500
283.553631,98.912046,4.632547,0.244803,0.09848,304000
279.800291,97.442539,4.536205,0.238581,0.095714,304500
276.076169,95.951413,4.441854,0.23233,0.093038,305000
272.256685,94.379215,4.351231,0.226242,0.090442,305500
268.349175,92.832531,4.260965,0.220297,0.087918,306000
264.497056,91.361019,4.172929,0.21451,0.085464,306500
260.699558,89.963204,4.088487,0.209,0.083078,307000
256.955916,88.551675,4.004521,0.203732,0.080758,307500
253.26538,87.213499,3.922955,0.198517,0.078503,308000
249.627208,85.895326,3.842817,0.193432,0.076311,308500
246.249033,84.606401,3.765412,0.188477,0.07418,309000
243.027515,83.377587,3.688741,0.183651,0.072108,309500
239.847516,82.016704,3.612039,0.178912,0.070089,310000
236.708512,80.817271,3.538201,0.174165,0.068079,310500
233.609985,79.671114,3.466931,0.169581,0.066127,311000
230.551422,78.541008,3.395348,0.165125,0.064232,311500
227.532318,77.420555,3.326055,0.160811,0.062443,312000
224.552173,76.289504,3.258167,0.156621,0.060657,312500
221.593947,75.063777,3.191657,0.152522,0.058945,313000
218.666921,73.850021,3.126042,0.148499,0.057295,313500
215.533508,72.646753,3.062532,0.144544,0.055712,314000
212.302525,71.484614,2.997248,0.140708,0.054173,314500
209.417785,70.34558,2.934745,0.136976,0.052677,315000
206.664244,69.282024,2.874097,0.133366,0.051224,315500
203.907481,68.277285,2.814695,0.129887,0.049811,316000
201.18699,67.178553,2.75782,0.126501,0.048445,316500
198.502302,66.143022,2.700377,0.123209,0.047097,317000
195.852954,65.134378,2.641352,0.120006,0.045792,317500
193.238489,64.146292,2.587168,0.1169,0.044523,318000
190.658456,63.173044,2.534338,0.113836,0.043287,318500
188.112408,62.210336,2.482581,0.110873,0.042076,319000
185.599907,61.258885,2.431874,0.107982,0.040899,319500
183.120517,60.321839,2.382198,0.105188,0.039756,320000
180.67381,59.398981,2.331975,0.102461,0.038645,320500
178.259362,58.490101,2.282667,0.099811,0.037565,321000
175.876755,57.594988,2.233565,0.097225,0.036516,321500
173.525575,56.713438,2.186402,0.094697,0.035475,322000
171.205417,55.838795,2.140875,0.092214,0.034438,322500
168.915615,54.964584,2.095889,0.089797,0.033496,323000
166.654411,54.103929,2.052167,0.087442,0.032582,323500
164.423085,53.254458,2.009777,0.085149,0.031686,324000
162.216577,52.420679,1.968612,0.082937,0.0308,324500
160.035873,51.601246,1.929042,0.080789,0.029939,325000
157.884115,50.792773,1.889397,0.07865,0.029102,325500
155.760925,49.996849,1.851265,0.076595,0.028297,326000
153.66593,49.213282,1.813791,0.074596,0.027521,326500
151.598761,48.441881,1.776395,0.072649,0.026756,327000
149.559055,47.68246,1.73932,0.070728,0.026031,327500
147.546451,46.934835,1.703273,0.068829,0.025319,328000
145.560597,46.198825,1.668089,0.067021,0.024624,328500
143.601142,45.474251,1.634095,0.065296,0.023949,329000
141.66774,44.760938,1.600224,0.063622,0.023292,329500
139.720349,44.058713,1.56661,0.061984,0.022653,330000
137.747468,43.367405,1.532922,0.060301,0.022032,330500
135.802136,42.724405,1.500795,0.058668,0.021427,331000
133.98739,42.058314,1.469647,0.057124,0.020839,331500
132.195201,41.377028,1.439207,0.055623,0.020267,332000
130.358675,40.719533,1.4099,0.054143,0.019711,332500
128.508698,40.108333,1.381033,0.052694,0.019151,333000
126.683855,39.486597,1.352572,0.051306,0.018591,333500
124.884648,38.871209,1.32505,0.049932,0.018047,334000
123.110721,38.301538,1.297911,0.048609,0.017519,334500
121.377865,37.741111,1.271265,0.047274,0.017007,335000
119.77485,37.188802,1.245188,0.045968,0.01651,335500
118.266669,36.643044,1.219286,0.044732,0.016027,336000
116.817784,36.096367,1.193961,0.043564,0.015572,336500
115.290226,35.557768,1.169236,0.042431,0.015134,337000
113.649517,35.02618,1.14573,0.041331,0.014709,337500
112.154011,34.487791,1.122345,0.040259,0.014296,338000
110.571265,33.934619,1.098857,0.039216,0.013895,338500
109.112326,33.390252,1.076125,0.038199,0.013506,339000
107.672403,32.8523,1.05334,0.037208,0.013128,339500
106.251253,32.321314,1.03129,0.036244,0.01276,340000
104.848633,31.797882,1.009699,0.035313,0.012405,340500
103.464232,31.282859,0.98839,0.034408,0.012053,341000
102.095125,30.776112,0.966933,0.033506,0.011707,341500
100.74392,30.277508,0.945482,0.032627,0.011378,342000
99.410386,29.804672,0.925988,0.031771,0.011063,342500
98.094295,29.342319,0.907017,0.030934,0.010756,343000
96.795422,28.87612,0.888433,0.030114,0.010457,343500
95.513545,28.436795,0.87011,0.029318,0.010169,344000
94.290752,28.004094,0.852302,0.028538,0.009888,344500
93.062507,27.574223,0.834862,0.027781,0.009613,345000
91.788077,27.157249,0.817776,0.027044,0.009347,345500
90.551662,26.747414,0.800708,0.026329,0.009088,346000
89.345923,26.341994,0.783601,0.025631,0.008836,346500
88.140645,25.942665,0.766658,0.02495,0.008591,347000
86.951446,25.555348,0.750316,0.024288,0.008353,347500
85.778115,25.175171,0.734976,0.023643,0.008121,348000
84.620442,24.790358,0.719912,0.023001,0.007896,348500
83.478222,24.403247,0.705193,0.022406,0.007677,349000
82.351251,24.030476,0.690773,0.021814,0.007464,349500
81.239329,23.665834,0.676541,0.021252,0.007257,350000
80.142256,23.306679,0.662257,0.020697,0.007056,350500
79.059838,22.952927,0.648099,0.02015,0.00686,351000
77.991881,22.6045,0.63444,0.019616,0.00667,351500
76.932041,22.261317,0.621208,0.019101,0.006485,352000
75.885332,21.922967,0.608495,0.018619,0.006305,352500
74.759975,21.589705,0.596041,0.018134,0.00613,353000
73.651166,21.268333,0.583841,0.017656,0.00596,353500
72.584729,20.951705,0.571889,0.017192,0.005795,354000
71.59479,20.639751,0.560029,0.01674,0.005632,354500
70.641805,20.332402,0.548251,0.016306,0.005473,355000
69.701366,20.023227,0.537147,0.015876,0.005319,355500
68.773312,19.713603,0.525885,0.015457,0.005169,356000
67.857481,19.423065,0.514894,0.01505,0.005023,356500
66.953714,19.138502,0.504041,0.014644,0.004881,357000
66.061855,18.853726,0.493515,0.014259,0.004743,357500
65.181749,18.576352,0.48335,0.013879,0.004609,358000
64.310345,18.302749,0.473321,0.013517,0.004479,358500
63.422159,18.032828,0.463479,0.013159,0.004351,359000
62.55872,17.757511,0.453592,0.012811,0.004226,359500
61.752712,17.490346,0.444058,0.012473,0.004108,360000
60.94945,17.218371,0.434726,0.012142,0.003994,360500
60.138869,16.950594,0.42567,0.01181,0.003881,361000
59.337486,16.686948,0.41685,0.011502,0.003772,361500
58.546061,16.436089,0.408139,0.011206,0.003668,362000
57.765082,16.179876,0.399782,0.010915,0.003568,362500
56.986748,15.925158,0.391517,0.01063,0.00347,363000
56.214244,15.68322,0.383385,0.01035,0.003375,363500
55.47779,15.443951,0.375414,0.010076,0.003281,364000
54.700202,15.208573,0.367624,0.00981,0.00319,364500
53.957054,14.986757,0.360089,0.009551,0.003102,365000
53.181824,14.763104,0.35269,0.009299,0.003016,365500
52.421296,14.542761,0.345332,0.009053,0.002931,366000
51.717937,14.325557,0.338104,0.008814,0.002847,366500
51.023271,14.11132,0.330926,0.008582,0.002766,367000
50.336507,13.899418,0.323799,0.008355,0.002687,367500
49.619293,13.690098,0.316773,0.008134,0.00261,368000
48.905808,13.476991,0.310042,0.007919,0.002535,368500
48.231895,13.260126,0.303453,0.00771,0.002463,369000
47.592054,13.046339,0.297127,0.007506,0.002393,369500
46.944949,12.832007,0.29073,0.007308,0.002324,370000
46.242623,12.624929,0.284746,0.007116,0.002257,370500
45.550728,12.422187,0.278762,0.006929,0.002189,371000
44.935281,12.224648,0.272832,0.006745,0.002129,371500
44.358732,12.031661,0.267044,0.00657,0.00207,372000
43.789501,11.843736,0.261446,0.006395,0.002011,372500
43.226997,11.662274,0.255966,0.006225,0.001954,373000
42.670368,11.483571,0.2506,0.006059,0.001898,373500
42.120565,11.302804,0.245357,0.005898,0.001844,374000
41.529786,11.117808,0.240256,0.005742,0.001791,374500
40.946617,10.935821,0.23526,0.005591,0.00174,375000
40.370543,10.759008,0.230375,0.005443,0.00169,375500
39.802503,10.599334,0.225617,0.0053,0.001642,376000
39.242387,10.432387,0.220935,0.005159,0.001595,376500
38.690086,10.271589,0.216351,0.005023,0.001549,377000
38.145491,10.114989,0.211888,0.004892,0.001505,377500
37.608496,9.962317,0.207443,0.004765,0.001462,378000
37.078996,9.812459,0.203071,0.00464,0.001421,378500
36.556888,9.664449,0.198849,0.00452,0.00138,379000
36.042069,9.509572,0.194727,0.004402,0.001341,379500
35.537945,9.364285,0.190709,0.004287,0.001303,380000
35.05913,9.220919,0.186775,0.004174,0.001266,380500
34.586708,9.079732,0.182921,0.004061,0.00123,381000
34.120592,8.940761,0.179146,0.003951,0.001195,381500
33.675192,8.805926,0.175449,0.003844,0.001162,382000
33.24199,8.669917,0.171828,0.003744,0.001129,382500
32.814306,8.536991,0.168282,0.003646,0.001097,383000
32.39207,8.410717,0.164808,0.00355,0.001066,383500
31.975214,8.278044,0.161319,0.003457,0.001035,384000
31.56367,8.151714,0.157891,0.003366,0.001006,384500
31.157371,8.027181,0.154481,0.003276,0.000977,385000
30.756251,7.904538,0.151205,0.00319,0.000949,385500
30.34328,7.78343,0.148005,0.003107,0.000922,386000
29.929614,7.663124,0.144905,0.003025,0.000895,386500
29.520645,7.545861,0.141841,0.002946,0.00087,387000
29.117215,7.430764,0.138841,0.002869,0.000846,387500
28.71925,7.317218,0.135905,0.002793,0.000822,388000
28.321182,7.201503,0.13303,0.00272,0.000799,388500
27.926754,7.079388,0.130217,0.002649,0.000776,389000
27.537773,6.969736,0.127466,0.002579,0.000754,389500
27.154166,6.864085,0.124709,0.002512,0.000733,390000
26.775859,6.760025,0.122022,0.002446,0.000712,390500
26.402779,6.657531,0.119418,0.002382,0.000692,391000
26.034855,6.556552,0.116931,0.002319,0.000672,391500
25.672016,6.456632,0.114517,0.002259,0.000653,392000
25.314193,6.357201,0.112098,0.002199,0.000634,392500
24.962168,6.255592,0.109686,0.00214,0.000616,393000
24.62449,6.157086,0.107374,0.002081,0.000598,393500
24.291341,6.064002,0.10511,0.002026,0.000581,394000
23.96266,5.972315,0.102894,0.001973,0.000565,394500
23.638389,5.882004,0.100724,0.001922,0.000549,395000
23.318469,5.79305,0.098609,0.001869,0.000533,395500
23.005397,5.705432,0.096554,0.001818,0.000518,396000
22.691887,5.619079,0.094538,0.001768,0.000503,396500
22.386731,5.533974,0.092547,0.00172,0.000488,397000
22.082413,5.45015,0.09059,0.001673,0.000474,397500
21.784045,5.36745,0.088665,0.001628,0.000461,398000
21.489675,5.284107,0.086786,0.001586,0.000448,398500
21.199092,5.199693,0.084954,0.001544,0.000435,399000
20.912162,5.116619,0.08316,0.001503,0.000422,399500
20.629084,5.034834,0.081404,0.001464,0.00041,400000
20.314115,4.95427,0.079654,0.001425,0.000398,400500
